END_ID,type,START_ID
c1,来自,#0
c0,来自,#1
c5,来自,#2
c1,来自,#3
c0,来自,#4
c1,来自,#5
c1,来自,#6
c0,来自,#7
c2,来自,#8
c2,来自,#9
c2,来自,#11
c2,来自,#12
c2,来自,#13
c2,来自,#14
c0,来自,#16
c0,来自,#17
c0,来自,#18
c0,来自,#19
c0,来自,#20
c0,来自,#21
c1,来自,#22
c0,来自,#23
c0,来自,#24
c1,来自,#25
c1,来自,#26
c1,来自,#27
c1,来自,#28
c0,来自,#29
c0,来自,#30
c0,来自,#32
c1,来自,#33
c0,来自,#34
c1,来自,#36
c0,来自,#38
c0,来自,#39
c0,来自,#40
c1,来自,#42
c1,来自,#43
c2,来自,#44
c2,来自,#45
c2,来自,#46
c2,来自,#47
c1,来自,#48
c1,来自,#49
c2,来自,#50
c2,来自,#51
c1,来自,#52
c2,来自,#53
c2,来自,#54
c4,来自,#55
c4,来自,#57
c4,来自,#58
c4,来自,#59
c4,来自,#60
c4,来自,#61
c4,来自,#62
c4,来自,#63
c4,来自,#64
c4,来自,#65
c1,来自,#66
c4,来自,#67
c4,来自,#68
c0,来自,#69
c4,来自,#70
c1,来自,#71
c2,来自,#72
c6,来自,#73
c6,来自,#75
c6,来自,#76
c6,来自,#77
c6,来自,#78
c6,来自,#79
c6,来自,#80
c6,来自,#81
c6,来自,#82
c1,来自,#83
c1,来自,#84
c6,来自,#86
c4,来自,#87
c5,来自,#88
c2,来自,#89
c6,来自,#90
c5,来自,#91
c6,来自,#92
c5,来自,#93
